{"cameraMode":{"drawMode":0,"name":"Shaded","section":"Shading Mode"},"sceneLighting":true,"audioPlay":false,"sceneViewState":{"showFog":false,"showMaterialUpdate":false,"showSkybox":false,"showFlares":false,"showImageEffects":false,"showParticleSystems":false},"in2DMode":false,"pivot":{"x":3.9187734127044679,"y":0.9882990121841431,"z":-0.6886758804321289},"rotation":{"x":0.019047178328037263,"y":0.9770930409431458,"z":-0.0994163379073143,"w":0.18720115721225739},"size":1.4737827777862549,"orthographic":false}