{"cameraMode":{"drawMode":0,"name":"Shaded","section":"Shading Mode"},"sceneLighting":true,"audioPlay":false,"sceneViewState":{"showFog":false,"showMaterialUpdate":false,"showSkybox":false,"showFlares":false,"showImageEffects":false,"showParticleSystems":false},"in2DMode":false,"pivot":{"x":-12.078835487365723,"y":2.599080801010132,"z":-0.8871346116065979},"rotation":{"x":0.10054700076580048,"y":-0.6356267333030701,"z":0.08400432020425797,"w":0.7607985138893127},"size":0.8916195034980774,"orthographic":true}