{"cameraMode":{"drawMode":0,"name":"Shaded","section":"Shading Mode"},"sceneLighting":false,"audioPlay":false,"sceneViewState":{"showFog":false,"showMaterialUpdate":false,"showSkybox":false,"showFlares":false,"showImageEffects":false,"showParticleSystems":false},"in2DMode":false,"pivot":{"x":-5.999000072479248,"y":1.1269999742507935,"z":1.9700000286102296},"rotation":{"x":0.10054700076580048,"y":-0.6356267333030701,"z":0.08400432020425797,"w":0.7607985138893127},"size":0.42793142795562746,"orthographic":true}